account,transaction_date,description_1,description_2,amount,amount_us,notes,category,sub_category
Credit Card 1,2023-03-28,Cruickshank and Sons,Computer Communications Equipment,-723.64,,,,
Credit Card 1,2023-04-29,Reynolds-D'Amore,,-174.0,,,,
Bank 1,2022-06-09,Labadie-Rosenbaum,,324.73,,,,
Credit Card 1,2022-12-23,Pagac-Bernier,Biotechnology: Commercial Physical & Biological Resarch,587.51,,,,
Credit Card 1,2022-11-02,"Fay, Smitham and Gerlach",n/a,964.87,,,,
Bank 2,2022-04-19,"Windler, Lindgren and Schaefer",n/a,-774.32,,,,
Credit Card 1,2022-02-18,Hand LLC,Savings Institutions,-308.93,,,,
Bank 2,2022-04-14,Sanford-Beier,,995.1,,,,
Bank 1,2023-03-20,Mante-Terry,,803.83,,,,
Credit Card 2,2023-02-02,Konopelski-Dare,Business Services,803.41,,,,
Credit Card 1,2022-02-23,Schuster and Sons,,918.06,,,,
Bank 1,2022-07-07,"Kulas, Swaniawski and Hermann",Commercial Banks,910.17,,,,
Credit Card 2,2023-05-17,Graham-Murphy,Oil & Gas Production,-419.7,,,,
Credit Card 2,2023-05-23,Oberbrunner and Sons,,912.14,,,,
Bank 2,2023-05-16,O'Conner Inc,Life Insurance,53.24,,,,
Bank 2,2022-11-16,"Durgan, Kuvalis and Quigley",Oil & Gas Production,-123.82,,,,
Credit Card 1,2022-06-22,"Padberg, Zboncak and Schmitt",,-693.79,,,,
Credit Card 2,2022-04-21,"Thiel, Grady and Quigley",,723.6,,,,
Bank 2,2023-03-14,Schowalter LLC,Major Banks,-194.29,,,,
Bank 1,2023-04-17,"Predovic, Effertz and Schoen",Finance: Consumer Services,-157.75,,,,
Bank 1,2023-02-10,"Sauer, Mosciski and Luettgen",Broadcasting,-688.22,,,,
Credit Card 2,2022-03-14,Schultz-Ruecker,,777.26,,,,
Credit Card 1,2022-03-28,McKenzie Inc,Real Estate Investment Trusts,279.62,,,,
Bank 1,2022-10-05,Kunde LLC,EDP Services,-731.25,,,,
Bank 1,2023-05-21,"Walker, O'Conner and Kunze",n/a,128.23,,,,
Credit Card 2,2022-07-04,Heidenreich LLC,Telecommunications Equipment,-271.65,,,,
Credit Card 1,2022-05-12,Abbott and Sons,,-378.79,,,,
Credit Card 1,2022-01-21,Schmidt-Walker,Major Banks,-988.21,,,,
Bank 1,2022-09-02,"Harris, Franecki and Howe",,232.43,,,,
Bank 1,2022-09-14,Fadel and Sons,,-961.04,,,,
Credit Card 1,2022-05-10,"Ledner, Considine and Predovic",,290.42,,,,
Credit Card 2,2022-01-11,"Schroeder, Smitham and Hessel",,230.55,,,,
Bank 2,2022-05-16,"Rau, Lindgren and Johnson",Restaurants,-448.17,,,,
Credit Card 2,2022-04-04,"Greenholt, Streich and Rowe",,276.83,,,,
Credit Card 1,2022-02-14,"Douglas, Powlowski and Koepp",,-93.61,,,,
Credit Card 2,2023-04-02,"Bruen, Reilly and Stanton",,-831.02,,,,
Credit Card 2,2022-10-01,Goyette Group,,-411.19,,,,
Credit Card 1,2022-10-07,Satterfield Group,Electronic Components,-972.67,,,,
Credit Card 1,2023-02-22,Hettinger Group,,-814.73,,,,
Credit Card 2,2023-01-08,McCullough and Sons,Investment Bankers/Brokers/Service,328.86,,,,
Credit Card 2,2022-09-09,Bode LLC,n/a,875.72,,,,
Credit Card 2,2022-05-21,"Bashirian, Kutch and Kuvalis",,-56.79,,,,
Credit Card 1,2023-01-13,Simonis Group,Building Products,720.24,,,,
Bank 1,2023-05-22,Wuckert LLC,,-692.81,,,,
Credit Card 2,2022-05-16,"Tromp, Von and Doyle",Radio And Television Broadcasting And Communications Equipment,-353.08,,,,
Credit Card 1,2022-07-31,Steuber and Sons,Major Pharmaceuticals,164.97,,,,
Credit Card 1,2023-03-02,"Marquardt, Bahringer and Fadel",,-485.69,,,,
Credit Card 1,2023-05-20,Barton Inc,,950.1,,,,
Bank 2,2023-03-11,"Stark, Cummerata and Senger",,565.69,,,,
Credit Card 1,2023-03-30,"Beer, Volkman and DuBuque",Real Estate Investment Trusts,-108.77,,,,
Bank 1,2022-04-09,"Hegmann, Haley and Gibson",Homebuilding,927.98,,,,
Credit Card 1,2022-08-07,Skiles and Sons,,591.97,,,,
Credit Card 2,2023-05-02,"Ortiz, Shields and Carroll",Investment Managers,558.27,,,,
Bank 1,2023-05-07,Kshlerin Group,,688.4,,,,
Credit Card 2,2023-03-14,"Brown, Bins and Bechtelar",,921.89,,,,
Credit Card 1,2023-01-26,Carter-O'Hara,,-284.71,,,,
Bank 1,2022-03-11,Vandervort LLC,,33.72,,,,
Credit Card 2,2023-03-28,Feest LLC,Real Estate,-682.6,,,,
Credit Card 2,2022-12-22,"Hilll, Moore and Hagenes",,987.04,,,,
Credit Card 1,2022-09-18,Blanda-Bins,,139.59,,,,
Bank 2,2022-06-05,Smitham-Hodkiewicz,,640.46,,,,
Credit Card 1,2023-04-04,Wunsch LLC,,-799.36,,,,
Credit Card 2,2022-03-09,"Lynch, Gorczany and Wolff",,739.41,,,,
Credit Card 2,2022-09-12,Torp Inc,n/a,693.85,,,,
Credit Card 2,2022-10-13,Collier-McLaughlin,n/a,-685.14,,,,
Bank 1,2022-01-01,"Windler, Schaefer and Mohr",,-852.5,,,,
Bank 1,2022-06-17,Cummings Inc,,221.56,,,,
Bank 1,2022-11-22,"Strosin, Quigley and Jerde",Major Pharmaceuticals,856.66,,,,
Bank 1,2023-05-08,Fay-Jast,,-238.67,,,,
Bank 2,2023-05-13,Medhurst-Erdman,Major Pharmaceuticals,113.72,,,,
Bank 1,2022-05-13,Aufderhar-Schiller,Biotechnology: Biological Products (No Diagnostic Substances),897.09,,,,
Credit Card 1,2023-02-11,Gleichner-Turner,Newspapers/Magazines,276.27,,,,
Credit Card 2,2022-09-10,Corwin Inc,,-672.57,,,,
Credit Card 2,2022-01-05,Bauch LLC,,-782.65,,,,
Credit Card 1,2022-02-27,Mayert-Schultz,,-953.35,,,,
Credit Card 2,2022-02-16,Rowe Group,,-326.34,,,,
Bank 1,2022-02-10,Kris-Schowalter,,392.97,,,,
Bank 2,2022-05-25,Legros-Tillman,,-121.24,,,,
Bank 2,2023-01-30,"Green, Streich and D'Amore",n/a,-560.19,,,,
Credit Card 1,2022-09-03,Schoen-Roob,Computer peripheral equipment,-119.8,,,,
Bank 2,2022-01-10,Fritsch-Schiller,,-448.36,,,,
Credit Card 2,2022-09-26,Zulauf Inc,n/a,-632.15,,,,
Credit Card 2,2023-02-19,"Wyman, O'Connell and Sauer",,-286.31,,,,
Credit Card 1,2023-04-12,"Becker, Brekke and Armstrong",,129.53,,,,
Bank 2,2022-09-08,White LLC,,-785.0,,,,
Credit Card 1,2022-06-19,Vandervort-Hessel,,509.91,,,,
Credit Card 1,2022-03-20,"Mitchell, Prosacco and Bauch",,579.29,,,,
Bank 2,2022-06-15,Bogisich and Sons,n/a,932.3,,,,
Credit Card 1,2022-04-19,O'Kon Group,Major Pharmaceuticals,926.19,,,,
Credit Card 1,2023-03-30,Stoltenberg-Franecki,,-586.77,,,,
Credit Card 1,2022-11-24,"Volkman, Daniel and Stark",,-939.74,,,,
Credit Card 2,2022-03-11,Roberts Group,,-58.29,,,,
Credit Card 2,2022-10-27,Robel and Sons,,-335.05,,,,
Credit Card 2,2022-10-25,Pfeffer LLC,Telecommunications Equipment,936.48,,,,
Bank 2,2023-03-30,Rohan and Sons,,815.09,,,,
Credit Card 1,2023-03-03,"Treutel, Lakin and Smith",Major Pharmaceuticals,334.15,,,,
Bank 1,2022-11-15,Feil and Sons,Beverages (Production/Distribution),-159.35,,,,
Credit Card 2,2023-01-17,"Gutkowski, Fay and Stamm",,-602.11,,,,
Bank 1,2022-02-14,"Flatley, Gulgowski and Schiller",,-851.4,,,,
Credit Card 1,2022-05-29,Abshire Group,Oil & Gas Production,-115.0,,,,
Bank 2,2023-04-04,"Keebler, Tillman and Lakin",,-898.45,,,,
Credit Card 1,2022-04-09,"Harber, Lemke and Buckridge",,-429.46,,,,
Bank 2,2022-12-06,Ortiz LLC,Real Estate Investment Trusts,532.71,,,,
Bank 2,2022-11-07,Simonis-Grant,,-554.49,,,,
Bank 2,2022-11-11,"Langworth, Kerluke and Mueller",Industrial Specialties,576.32,,,,
Bank 1,2022-05-18,Sanford-Fritsch,,-166.6,,,,
Credit Card 1,2022-06-30,"O'Reilly, Roob and Beer",,-576.63,,,,
Bank 1,2022-11-01,Bins-Orn,Industrial Machinery/Components,-961.0,,,,
Credit Card 2,2022-01-04,Harber LLC,Automotive Aftermarket,784.94,,,,
Bank 2,2023-04-30,Keebler LLC,Biotechnology: Biological Products (No Diagnostic Substances),-196.54,,,,
Bank 2,2023-01-03,Collins-Cummings,,-505.32,,,,
Credit Card 1,2022-07-12,Cronin Inc,,202.44,,,,
Bank 1,2022-10-18,Barrows-Metz,,657.22,,,,
Credit Card 2,2022-03-28,Jacobi and Sons,Consumer Electronics/Appliances,-257.06,,,,
Credit Card 1,2023-01-30,Wilderman LLC,Advertising,-305.5,,,,
Credit Card 1,2022-02-24,Parker LLC,,-497.36,,,,
Credit Card 2,2022-06-28,Willms and Sons,n/a,-970.28,,,,
Bank 2,2023-01-02,Rau and Sons,Electrical Products,-957.76,,,,
Credit Card 1,2023-03-31,McCullough LLC,,-256.46,,,,
Bank 2,2022-05-26,"Cronin, Brekke and Kautzer",Telecommunications Equipment,296.03,,,,
Bank 1,2022-10-19,"Kunde, Kertzmann and Kling",Railroads,574.12,,,,
Bank 1,2022-04-21,Monahan-Hills,,933.54,,,,
Bank 1,2022-08-26,Olson-Dach,n/a,299.2,,,,
Credit Card 2,2022-11-18,Grady LLC,n/a,552.47,,,,
Bank 1,2022-07-03,Reinger Group,,-107.61,,,,
Credit Card 1,2023-03-29,Cartwright-Collins,,581.99,,,,
Credit Card 2,2022-05-22,Leuschke Inc,Major Chemicals,328.02,,,,
Bank 1,2023-01-22,Parisian Inc,,-998.55,,,,
Bank 1,2023-01-13,O'Connell Inc,,366.82,,,,
Bank 2,2023-02-04,"Auer, Haag and Nikolaus",n/a,725.23,,,,
Bank 2,2023-03-29,Marks-Tillman,Major Pharmaceuticals,-209.61,,,,
Credit Card 1,2022-08-25,Kirlin-Ullrich,,-666.37,,,,
Credit Card 2,2022-05-26,Robel Inc,,823.33,,,,
Bank 2,2022-06-06,Denesik LLC,,47.35,,,,
Credit Card 2,2022-05-10,Johnston and Sons,,147.26,,,,
Bank 1,2023-03-29,"Heidenreich, Hyatt and Gerlach",n/a,195.9,,,,
Bank 1,2022-08-22,Witting and Sons,n/a,-282.88,,,,
Credit Card 2,2022-12-28,Nienow Inc,Commercial Banks,234.95,,,,
Bank 1,2023-03-17,"Grimes, Terry and Swift",,-187.74,,,,
Credit Card 2,2022-03-21,Emmerich Inc,Major Banks,-736.89,,,,
Bank 1,2022-12-14,"Corwin, Braun and Lynch",,980.66,,,,
Credit Card 2,2022-11-26,"Hartmann, McCullough and Kertzmann",,926.75,,,,
Credit Card 2,2022-05-16,"Mayer, Williamson and Jacobi",,968.06,,,,
Credit Card 2,2022-08-11,Streich Inc,Electronic Components,420.84,,,,
Bank 2,2022-11-28,Johnston-Conn,,763.62,72,,,
Bank 2,2022-04-28,Jerde-Zulauf,,524.52,,,,
Bank 1,2022-05-21,"Predovic, Walter and Hansen",,950.9,,,,
Credit Card 1,2022-01-17,"Ward, Flatley and Reynolds",,61.95,,,,
Credit Card 1,2023-03-10,Wisoky Group,Property-Casualty Insurers,909.43,,,,
Credit Card 2,2023-02-03,"Cassin, Goyette and Blick",,-701.02,,,,
Bank 1,2022-01-07,Fay-Willms,,-347.64,,,,
Bank 1,2022-09-30,"Lehner, Hermann and Sanford",Engineering & Construction,-698.33,,,,
Bank 2,2022-02-26,Schmeler-Kiehn,n/a,-798.01,,,,
Credit Card 1,2022-09-30,"Watsica, Kassulke and Fisher",,-669.31,,,,
Credit Card 1,2023-01-19,"Turcotte, Gorczany and O'Reilly",,-440.25,,,,
Bank 1,2023-01-12,Smith LLC,,840.3,,,,
Bank 1,2023-05-06,Toy-Bode,Biotechnology: Commercial Physical & Biological Resarch,350.1,,,,
Bank 1,2022-06-21,Kohler Inc,Major Pharmaceuticals,-663.29,,,,
Bank 2,2022-06-04,Dare-Hagenes,,505.2,,,,
Bank 1,2022-09-06,"Ankunding, Hessel and Hodkiewicz",n/a,-308.01,,,,
Credit Card 2,2022-06-12,Thompson and Sons,,812.86,,,,
Bank 1,2022-11-07,"Batz, Bauch and Champlin",Property-Casualty Insurers,271.56,,,,
Credit Card 2,2022-12-28,Senger LLC,,-228.21,,,,
Credit Card 1,2022-01-27,D'Amore LLC,,-168.84,,,,
Credit Card 1,2023-04-06,Grant Inc,Biotechnology: Electromedical & Electrotherapeutic Apparatus,496.15,,,,
Bank 2,2022-05-26,Kovacek and Sons,,-681.16,,,,
Bank 1,2022-03-15,"Schuster, Johnson and Kirlin",Telecommunications Equipment,939.28,,,,
Credit Card 2,2022-10-21,Willms-Von,Computer Software: Prepackaged Software,-518.49,,,,
Bank 2,2022-12-22,Carter LLC,,574.09,,,,
Bank 2,2022-07-19,Rowe Inc,Restaurants,878.25,,,,
Credit Card 1,2022-06-29,Christiansen Group,,122.16,,,,
Credit Card 2,2022-07-11,"O'Hara, Stiedemann and Reichert",,2.86,,,,
Credit Card 1,2023-03-05,Cormier and Sons,,-369.98,,,,
Bank 1,2022-04-13,Feeney-Kuvalis,,985.22,,,,
Bank 2,2022-08-02,Hudson-Cole,n/a,891.75,,,,
Bank 2,2022-07-07,Wunsch-Rogahn,,669.39,,,,
Credit Card 2,2022-10-15,Green-Haley,,-617.33,,,,
Credit Card 2,2023-04-10,Okuneva-Abshire,Restaurants,728.62,,,,
Credit Card 1,2022-12-30,"Wintheiser, Kuhlman and Hodkiewicz",,687.51,,,,
Credit Card 1,2022-08-10,Spinka Inc,,-523.83,,,,
Credit Card 1,2022-08-19,Johns Inc,,607.82,,,,
Bank 1,2022-05-01,O'Conner Group,,-878.48,,,,
Bank 1,2022-10-31,Grimes and Sons,n/a,-329.06,,,,
Credit Card 1,2023-03-18,Romaguera and Sons,Major Banks,374.4,,,,
Credit Card 1,2022-04-26,Osinski LLC,Major Banks,894.45,,,,
Bank 2,2023-03-28,"Lynch, Kuvalis and Rodriguez",Hospital/Nursing Management,-674.08,,,,
Credit Card 2,2023-04-28,Morissette Inc,,-67.01,,,,
Credit Card 2,2023-03-21,Kuhic-Corwin,,-279.87,,,,
Bank 1,2022-09-19,Ruecker-Halvorson,Semiconductors,-791.38,,,,
Bank 2,2022-11-18,"Pagac, Bode and Heller",Trucking Freight/Courier Services,28.77,,,,
Bank 1,2022-06-11,Powlowski-Walsh,,776.1,,,,
Credit Card 2,2023-05-06,"McGlynn, Harris and Mayer",,507.05,,,,
Bank 2,2022-08-20,"Kassulke, Beer and Marks",,595.72,,,,
Bank 1,2022-06-02,"Dietrich, Schamberger and Conn",,809.52,,,,
Bank 1,2022-12-10,Zieme Group,Real Estate Investment Trusts,838.03,,,,
Credit Card 2,2022-05-18,Spencer-Parisian,,-912.94,,,,
Bank 1,2022-08-03,Kerluke-Konopelski,Major Pharmaceuticals,633.73,,,,
Credit Card 2,2022-10-19,"Conroy, Schultz and Dooley",,-939.48,,,,
Credit Card 2,2023-03-19,Ondricka LLC,,52.14,26,,,
Bank 1,2023-05-23,Kerluke and Sons,Automotive Aftermarket,-194.22,,,,
Credit Card 1,2022-05-09,Yundt LLC,,-71.96,,,,
Credit Card 1,2022-11-04,Fritsch-Cole,n/a,704.83,,,,
Bank 2,2022-05-23,"Runte, Marvin and Stracke",n/a,-332.62,,,,
Credit Card 2,2023-02-05,Durgan and Sons,,-166.49,,,,
Credit Card 2,2023-05-10,"Leffler, Simonis and Schumm",Business Services,-922.7,,,,
Bank 1,2022-01-27,Deckow-Lubowitz,n/a,440.33,,,,
Credit Card 2,2023-02-02,Mertz LLC,Meat/Poultry/Fish,495.47,,,,
Bank 1,2022-04-15,Windler-Armstrong,,979.72,,,,
Credit Card 2,2023-01-31,"Schuster, Funk and Reilly",Hotels/Resorts,681.19,,,,
Credit Card 2,2022-09-04,Windler-Cronin,,-94.35,,,,
Credit Card 2,2022-02-27,Bins Group,Broadcasting,-107.88,,,,
Bank 2,2023-01-01,Murphy Group,Oil & Gas Production,-644.36,,,,
Credit Card 1,2023-05-17,"Wintheiser, Jakubowski and Ankunding",,-45.94,,,,
Credit Card 1,2022-07-08,"Frami, Heller and Howe",n/a,116.38,,,,
Bank 1,2022-08-12,Schroeder and Sons,Industrial Machinery/Components,-492.14,56,,,
Bank 2,2022-02-07,"Kuhic, Jacobi and Kulas",Commercial Banks,-758.09,,,,
Credit Card 1,2022-12-03,Wintheiser-Hilpert,,320.6,,,,
Credit Card 2,2022-02-01,"Turner, Macejkovic and Skiles",Telecommunications Equipment,-902.99,,,,
Bank 2,2022-02-20,Kuhic-Olson,Diversified Commercial Services,396.95,,,,
Credit Card 2,2022-04-11,Russel-Jacobi,Telecommunications Equipment,840.73,,,,
Bank 1,2023-01-11,Keebler-Schowalter,Business Services,353.17,,,,
Credit Card 2,2022-05-18,Powlowski Group,n/a,355.16,,,,
Bank 2,2022-03-04,Wintheiser LLC,Major Banks,402.6,,,,
Bank 2,2022-06-06,Walsh-Hintz,,837.04,,,,
Credit Card 2,2022-12-25,"Adams, Jenkins and Becker",,519.38,,,,
Credit Card 2,2022-04-08,Wintheiser-Simonis,,-804.89,,,,
Credit Card 1,2023-03-09,Bernier and Sons,,-463.08,,,,
Bank 2,2023-04-14,Kunde-Beahan,Finance: Consumer Services,-489.18,,,,
Credit Card 1,2022-07-29,"Rau, Stark and Crona",,671.33,,,,
Bank 1,2022-10-20,Lynch-Larson,,-598.89,,,,
Credit Card 2,2023-03-21,"Hegmann, Moen and Gorczany",,634.69,,,,
Credit Card 2,2023-04-02,Oberbrunner-Yost,n/a,60.52,,,,
Credit Card 1,2023-04-12,"Labadie, Cassin and Hagenes",n/a,455.47,,,,
Credit Card 2,2022-09-28,"Glover, Cole and Schumm",,31.06,,,,
Bank 2,2023-03-05,Kulas and Sons,,857.56,,,,
Bank 1,2022-03-14,Goyette-Murray,,-789.29,,,,
Bank 2,2023-05-18,"Pollich, Nolan and Wolff",,-380.91,,,,
Credit Card 1,2022-03-17,Gleichner-Stoltenberg,,734.53,,,,
Credit Card 2,2022-09-15,"Turner, Kerluke and Wisoky",,18.24,,,,
Bank 2,2022-02-20,"Weber, Weissnat and Renner",,-796.83,,,,
Credit Card 2,2022-04-10,Walker Group,Major Pharmaceuticals,191.84,,,,
Bank 1,2022-09-05,McLaughlin-Quitzon,,-71.88,,,,
Bank 1,2022-06-16,Cremin-Jacobson,Major Pharmaceuticals,145.69,,,,
Bank 1,2022-07-03,"Jacobson, Davis and Schumm",Computer Software: Prepackaged Software,-596.9,,,,
Credit Card 1,2022-05-15,"Stamm, Cronin and Zboncak",,-824.17,,,,
Bank 1,2023-05-03,"Kilback, Mayert and Lockman",Major Pharmaceuticals,423.42,,,,
Bank 2,2022-10-14,"Hessel, Kulas and Fisher",,-485.37,,,,
Bank 1,2022-06-12,Kuvalis LLC,,-419.57,,,,
Credit Card 1,2022-09-14,Koelpin-Schowalter,Oil & Gas Production,-858.3,,,,
Bank 2,2022-04-24,Conn-Dooley,,955.5,,,,
Bank 2,2023-05-01,Nolan-Fay,,-986.12,,,,
Credit Card 1,2023-03-16,Zieme LLC,Major Pharmaceuticals,-353.64,,,,
Bank 1,2022-09-06,"Kris, Ortiz and Deckow",,593.04,,,,
Credit Card 2,2023-03-03,"Morissette, Jaskolski and Denesik",Major Chemicals,-373.77,,,,
Credit Card 2,2023-05-22,Ruecker and Sons,,-608.52,,,,
Bank 1,2022-05-26,"Weber, Ziemann and Cruickshank",Oil & Gas Production,215.5,,,,
Credit Card 1,2022-01-04,Lind and Sons,,911.41,,,,
Bank 1,2023-01-07,Mosciski-Olson,Real Estate,-774.14,,,,
Credit Card 2,2022-02-03,Bins-Boyle,"Computer Software: Programming, Data Processing",-184.91,,,,
Credit Card 2,2022-07-25,"Runte, Hilpert and Cremin",,870.25,,,,
Bank 1,2022-01-21,"Luettgen, Sporer and Leannon",Business Services,-923.26,,,,
Bank 2,2022-01-17,Gleason-Nitzsche,Beverages (Production/Distribution),-351.75,,,,
Bank 1,2023-01-04,Spinka-Bartell,,233.04,,,,
Bank 2,2022-02-19,Wolff and Sons,Oil & Gas Production,-868.94,,,,
Bank 1,2022-11-06,"Ruecker, Breitenberg and Daugherty",,272.2,,,,
Credit Card 2,2022-06-11,Herman and Sons,Major Banks,34.11,,,,
Bank 1,2022-04-10,"Huels, Swift and Kassulke",,233.78,,,,
Credit Card 2,2022-06-08,"Satterfield, Ortiz and Gusikowski",n/a,-875.56,,,,
Bank 1,2022-11-26,Ryan-Leannon,Property-Casualty Insurers,-169.5,,,,
Credit Card 2,2023-01-03,Romaguera LLC,Auto Parts:O.E.M.,259.51,,,,
Credit Card 2,2022-08-01,Senger Inc,Marine Transportation,489.3,,,,
Bank 2,2022-11-15,Yundt and Sons,Trucking Freight/Courier Services,-660.35,,,,
Bank 1,2022-05-22,"Hauck, Johns and Runolfsson",,516.02,,,,
Credit Card 1,2023-01-17,Padberg-Waelchi,Precious Metals,-358.95,,,,
Credit Card 2,2022-11-05,Raynor-Grady,Precious Metals,924.12,,,,
Credit Card 2,2022-04-23,Murphy LLC,Oil & Gas Production,798.8,,,,
Bank 2,2022-07-20,Gerhold Inc,,550.33,,,,
Bank 2,2023-01-04,Mraz-Nader,,-483.34,,,,
Credit Card 2,2022-04-29,Schimmel Inc,,751.3,,,,
Bank 2,2023-01-07,Zboncak-Harvey,,739.84,,,,
Credit Card 2,2023-04-01,"Von, Klocko and Tremblay",,-528.05,,,,
Bank 2,2023-01-11,Lang-Fritsch,n/a,175.21,,,,
Bank 1,2022-01-07,Stark and Sons,,-66.02,,,,
Bank 2,2022-01-29,"Johnston, MacGyver and Lubowitz",Oil & Gas Production,-557.35,,,,
Credit Card 2,2023-04-15,Schulist Group,Major Pharmaceuticals,-687.98,,,,
Bank 2,2022-07-17,Sporer-Turcotte,Hospital/Nursing Management,-759.14,,,,
Credit Card 2,2022-10-18,Sporer Group,,748.54,,,,
Bank 1,2022-10-01,Medhurst-Buckridge,Industrial Machinery/Components,-39.96,,,,
Credit Card 1,2023-04-26,"Morar, Blick and Cummings",,78.66,,,,
Bank 1,2022-08-18,King Group,,-835.17,,,,
Bank 1,2022-04-17,Bartell Inc,n/a,326.55,,,,
Bank 2,2023-03-19,O'Connell-Williamson,,135.59,,,,
Bank 2,2023-03-08,Gutmann-Goyette,,202.14,,,,
Bank 1,2022-09-13,"Sanford, Bashirian and Zemlak",Metal Fabrications,-907.13,,,,
Credit Card 2,2022-11-10,Hermiston LLC,n/a,778.68,,,,
Bank 2,2023-02-19,Jaskolski-Kuvalis,Major Pharmaceuticals,611.11,,,,
Credit Card 1,2022-11-22,Stracke Group,Biotechnology: Biological Products (No Diagnostic Substances),660.14,,,,
Credit Card 2,2022-11-08,"Hilpert, Conroy and Rath",n/a,-687.74,,,,
Bank 1,2023-03-15,Waters Group,,482.84,,,,
Bank 1,2022-05-01,"Hills, Trantow and Veum",,118.28,,,,
Credit Card 1,2022-05-16,Homenick-Larson,Savings Institutions,-528.25,,,,
Credit Card 1,2023-03-03,Stiedemann-Carroll,Other Specialty Stores,921.99,,,,
Bank 1,2022-01-21,Pfeffer-Torphy,,-618.03,,,,
Bank 2,2023-03-30,Skiles-Torphy,,411.33,,,,
Credit Card 1,2022-12-23,Welch Inc,,197.91,,,,
Credit Card 1,2022-04-02,Luettgen Inc,,-605.87,,,,
Bank 1,2022-08-12,"Turner, Upton and Wisozk",Major Banks,394.21,,,,
Bank 2,2022-12-15,Anderson LLC,n/a,93.96,,,,
Bank 2,2022-06-19,Treutel-Ferry,,-863.95,,,,
Bank 1,2022-06-24,Fahey-Streich,,286.67,,,,
Bank 1,2022-08-11,Schamberger-Mosciski,,401.08,,,,
Credit Card 1,2023-04-03,Ullrich Inc,,834.63,,,,
Credit Card 1,2023-05-01,Macejkovic-Lind,,336.92,,,,
Credit Card 1,2022-10-30,"Hilll, Spinka and Botsford",Biotechnology: Biological Products (No Diagnostic Substances),-860.67,,,,
Credit Card 2,2022-10-21,Mann Group,n/a,-372.24,,,,
Bank 2,2022-03-31,Sipes Group,Commercial Banks,-54.24,,,,
Credit Card 2,2022-05-29,Von Group,Real Estate Investment Trusts,2.5,,,,
Bank 2,2022-12-12,Abbott-Borer,,-569.61,,,,
Credit Card 1,2022-09-05,Howell LLC,Major Pharmaceuticals,392.11,,,,
Bank 2,2022-05-15,Konopelski-Keeling,Investment Managers,59.66,,,,
Bank 1,2022-12-20,"Mayert, Pollich and Macejkovic",n/a,936.88,,,,
Credit Card 2,2023-05-08,"Mertz, VonRueden and Ebert",,177.98,,,,
Credit Card 1,2022-12-15,"Jacobs, Gutkowski and Runte",,694.53,,,,
Credit Card 2,2022-07-23,"Schroeder, Ledner and Littel",,46.78,,,,
Bank 1,2022-03-05,Kutch LLC,,-476.94,,,,
Bank 2,2023-03-29,"Durgan, Hansen and Ward",,915.79,,,,
Bank 2,2022-12-22,"Rempel, Emard and Hackett",,-747.43,,,,
Credit Card 2,2022-01-03,Gerhold LLC,,9.27,,,,
Credit Card 2,2022-01-29,Sawayn-Schimmel,,-891.49,,,,
Credit Card 2,2022-05-11,Davis-Roberts,,430.44,,,,
Bank 2,2022-12-16,Barton Inc,Clothing/Shoe/Accessory Stores,95.92,,,,
Bank 2,2022-03-09,"Deckow, Jakubowski and Lakin",Biotechnology: Biological Products (No Diagnostic Substances),62.32,,,,
Bank 2,2022-06-11,Simonis-Fahey,,293.03,18,,,
Bank 2,2023-05-06,Lehner and Sons,,444.58,,,,
Bank 1,2022-12-26,Yost-Haley,Industrial Specialties,-947.79,,,,
Bank 1,2023-01-22,"Strosin, Abbott and Stanton",Life Insurance,-768.11,,,,
Bank 2,2022-11-11,"Frami, Fahey and Renner",,-333.71,,,,
Credit Card 1,2022-11-06,Ward-Trantow,,-994.87,,,,
Credit Card 2,2022-10-27,Klein-Simonis,Precious Metals,873.68,,,,
Credit Card 1,2022-09-21,Cassin-Roob,,542.22,,,,
Credit Card 1,2022-11-19,"Hegmann, Jerde and Johnson",Medical Specialities,-123.95,,,,
Credit Card 1,2022-12-24,Christiansen Group,n/a,-84.43,,,,
Bank 2,2023-04-17,Bernier Inc,Business Services,-56.3,,,,
Credit Card 1,2023-04-25,"Streich, Brekke and Keebler",Industrial Machinery/Components,156.9,,,,
Credit Card 2,2022-09-22,Herman Group,,-750.89,,,,
Credit Card 1,2022-02-20,Volkman-Jenkins,,-126.97,,,,
Bank 1,2023-04-04,"Feil, Muller and McGlynn",Natural Gas Distribution,-812.13,,,,
Credit Card 2,2023-03-29,Jenkins Inc,,404.47,,,,
Bank 1,2022-07-02,Schneider LLC,Medical/Nursing Services,-163.69,,,,
Bank 1,2023-05-10,Bergstrom Inc,Natural Gas Distribution,-140.16,,,,
Credit Card 2,2022-03-25,"Abernathy, Hackett and Bernhard",n/a,-42.87,,,,
Bank 1,2022-07-26,Little Inc,n/a,769.17,,,,
Credit Card 2,2022-08-08,Deckow LLC,Major Pharmaceuticals,353.25,,,,
Bank 1,2022-09-16,"Murphy, Schowalter and Hauck",,449.17,,,,
Credit Card 1,2022-09-12,"Sporer, Towne and Schmitt",,-939.68,,,,
Credit Card 2,2022-08-27,"Mueller, Jaskolski and Mueller",,-137.87,,,,
Bank 1,2022-10-16,Kutch-Kling,Industrial Machinery/Components,-98.03,,,,
Credit Card 1,2023-05-09,"O'Connell, Koepp and Kunde",Marine Transportation,25.12,,,,
Bank 1,2022-09-08,Raynor-Senger,,-307.01,,,,
Bank 2,2022-12-31,Prosacco LLC,,-76.13,,,,
Bank 1,2023-03-23,"Quitzon, Halvorson and Rice",,-288.29,,,,
Bank 1,2022-06-17,"Dibbert, Corwin and VonRueden",n/a,-133.08,,,,
Credit Card 2,2022-09-01,"Wolf, Keebler and Bogisich",Diversified Financial Services,-637.08,,,,
Bank 2,2022-04-28,Russel-Kohler,Other Specialty Stores,173.67,,,,
Credit Card 2,2023-01-24,Padberg Group,Marine Transportation,597.55,,,,
Bank 1,2023-04-23,Abbott-Gislason,,80.48,,,,
Credit Card 1,2022-12-04,"Cole, Emard and Hand",Banks,-756.65,,,,
Credit Card 2,2022-11-15,Hyatt-Tremblay,,-149.36,,,,
Credit Card 1,2022-12-16,Lowe LLC,Real Estate Investment Trusts,-739.97,,,,
Credit Card 2,2022-09-20,Tremblay-Jast,Beverages (Production/Distribution),520.92,,,,
Credit Card 1,2022-10-04,"Green, Bartell and Jenkins",Real Estate,796.77,,,,
Bank 1,2022-08-04,Rath-Cormier,Telecommunications Equipment,50.53,,,,
Credit Card 1,2023-04-21,"Ortiz, Kuvalis and Schumm",,741.16,,,,
Credit Card 2,2023-04-24,Kuvalis and Sons,Natural Gas Distribution,-220.64,,,,
Bank 1,2022-07-25,Oberbrunner Inc,Semiconductors,968.72,,,,
Credit Card 2,2022-05-31,Rempel LLC,,-195.51,,,,
Credit Card 1,2022-10-06,Robel-O'Conner,,-136.28,,,,
Bank 1,2022-04-25,Braun Inc,Industrial Machinery/Components,-377.51,,,,
Bank 2,2023-02-17,Larkin-Kuvalis,,507.8,,,,
Credit Card 2,2022-11-07,Grady-Haley,,787.6,,,,
Credit Card 2,2022-04-24,Ratke-Mante,Major Banks,-253.14,,,,
Bank 1,2022-04-10,Hudson-Ziemann,,-157.26,,,,
Credit Card 1,2022-02-13,Lockman-Larkin,,437.37,,,,
Bank 1,2023-04-29,Considine-Powlowski,,-410.88,,,,
Credit Card 2,2023-03-25,Hessel LLC,n/a,-380.42,,,,
Bank 1,2022-10-08,Ritchie Group,,-256.39,,,,
Credit Card 2,2022-04-14,Brakus Group,Miscellaneous,712.69,,,,
Credit Card 2,2022-06-25,Kris Inc,,-58.79,,,,
Credit Card 2,2022-12-24,Stamm Inc,,139.64,,,,
Credit Card 2,2023-02-27,Volkman Group,,-642.73,,,,
Credit Card 1,2022-09-02,Sauer and Sons,,-363.23,,,,
Credit Card 2,2022-07-02,Kiehn and Sons,Specialty Chemicals,-761.41,,,,
Bank 2,2022-11-12,"Turner, Hartmann and Frami",Environmental Services,-379.74,,,,
Credit Card 2,2022-03-05,Brekke-Collins,,-181.25,,,,
Bank 1,2022-11-30,"Sporer, Kohler and Cassin",Major Banks,-465.76,,,,
Credit Card 2,2022-06-01,"Ondricka, Heathcote and Welch",,351.31,,,,
Credit Card 1,2022-02-03,Osinski and Sons,Publishing,415.91,,,,
Bank 1,2022-09-05,"Jacobi, Mills and Hilpert",,-960.59,,,,
Credit Card 2,2022-06-28,Cremin Group,,-811.12,,,,
Bank 1,2022-07-12,"Hagenes, Zemlak and Nicolas",,215.14,,,,
Credit Card 1,2022-11-10,Zulauf LLC,,-12.47,,,,
Credit Card 2,2022-01-05,Denesik and Sons,n/a,-510.01,,,,
Bank 1,2022-10-25,Bruen LLC,Business Services,468.07,,,,
Credit Card 2,2022-11-03,"Hackett, Jakubowski and Stamm",,-922.99,,,,
Credit Card 1,2023-02-27,"Paucek, Abbott and Fahey",Consumer Electronics/Appliances,610.9,,,,
Credit Card 2,2022-10-27,Block-Leannon,Business Services,-251.16,,,,
Bank 1,2022-11-12,"Lesch, Dickens and Medhurst",,-105.11,,,,
Credit Card 1,2022-06-10,Zieme-Heller,,-705.53,,,,
Credit Card 1,2023-01-16,"Schulist, Marvin and Feil",,-874.24,,,,
Bank 1,2022-09-01,"Sanford, Hilll and Farrell",Industrial Machinery/Components,-357.81,,,,
Bank 1,2023-02-17,Sporer Inc,Industrial Machinery/Components,-604.71,,,,
Credit Card 2,2022-05-14,"Keebler, Bayer and Luettgen",Major Pharmaceuticals,-683.35,,,,
Bank 2,2022-07-14,"Jakubowski, Reilly and Abernathy",,-992.25,,,,
Bank 2,2023-03-26,Metz-Beatty,Major Banks,437.61,,,,
Bank 1,2022-08-22,Schulist Group,Metal Fabrications,-99.96,,,,
Bank 1,2022-01-30,Schinner-Weissnat,,-692.57,,,,
Credit Card 1,2022-01-10,Rippin Group,n/a,-897.15,,,,
Credit Card 1,2023-01-26,Padberg-Walter,Major Banks,920.89,,,,
Bank 2,2022-12-25,Dickens-Treutel,,-59.13,,,,
Bank 1,2022-08-16,"Rolfson, Deckow and Fritsch",Newspapers/Magazines,751.7,,,,
Bank 1,2022-06-29,"Barrows, Rau and Murphy",Homebuilding,300.45,,,,
Credit Card 2,2022-06-02,Turner-Bernhard,,621.3,,,,
Credit Card 2,2022-02-01,Friesen Inc,,508.82,,,,
Bank 1,2022-04-16,"Fahey, Zboncak and Kuhlman",Oil & Gas Production,-807.86,,,,
Bank 1,2023-01-15,"Hudson, Gibson and Bartell",n/a,-580.56,,,,
Credit Card 1,2022-12-26,Kshlerin-Heaney,Biotechnology: Biological Products (No Diagnostic Substances),-17.45,,,,
Bank 2,2023-04-07,Rogahn Inc,Railroads,-1.5,,,,
Bank 2,2022-11-04,Wolf Group,Property-Casualty Insurers,-133.48,,,,
Credit Card 1,2022-06-23,Veum LLC,,-689.89,,,,
Bank 2,2022-11-27,"Cole, Harber and Hudson",,753.52,,,,
Bank 1,2022-01-11,Ritchie Inc,n/a,856.68,,,,
Bank 1,2023-01-30,Altenwerth-Nader,Electric Utilities: Central,-923.4,,,,
Credit Card 1,2023-01-24,Pagac-Runolfsson,Advertising,364.23,,,,
Credit Card 2,2022-05-02,"Wisozk, Koepp and Runolfsdottir",Business Services,-408.85,,,,
Credit Card 1,2022-03-02,Marvin Group,Major Pharmaceuticals,-651.29,,,,
Bank 2,2022-05-14,"Doyle, Williamson and Hills",Industrial Specialties,923.72,,,,
Credit Card 1,2022-03-18,Rutherford Group,Auto Manufacturing,-979.4,,,,
Credit Card 1,2023-05-19,"Lockman, Dickens and Gorczany",,37.32,,,,
Credit Card 1,2022-05-17,"Stamm, Paucek and Dach",,-926.25,,,,
Credit Card 2,2022-03-22,"Lubowitz, Labadie and Mitchell",,638.58,,,,
Credit Card 2,2022-11-28,Hoeger-Weimann,Investment Managers,-48.79,,,,
Bank 2,2022-07-19,"Metz, Conn and Schulist",Medical/Dental Instruments,-323.36,,,,
Credit Card 2,2023-03-12,Powlowski and Sons,n/a,207.01,,,,
Bank 2,2022-07-12,Bartoletti-Johns,,239.38,,,,
Credit Card 1,2022-05-10,"Paucek, Barrows and Casper",Major Pharmaceuticals,865.89,,,,
Bank 1,2023-02-21,Treutel-Konopelski,,902.82,,,,
Bank 1,2022-12-14,"Romaguera, Romaguera and Goldner",,301.96,,,,
Credit Card 2,2022-02-13,Rosenbaum and Sons,Oil & Gas Production,865.86,,,,
Bank 2,2022-09-06,Donnelly and Sons,Industrial Machinery/Components,387.43,,,,
Credit Card 1,2023-01-29,"Bins, Jacobson and Herman",,-183.97,,,,
Credit Card 2,2022-11-25,"Schmidt, Beahan and Kessler",,565.35,,,,
Bank 1,2022-04-08,"Wolff, Lebsack and Reichert",,-955.13,,,,
Bank 2,2023-02-23,Jakubowski-Okuneva,Television Services,-424.36,,,,
Credit Card 1,2023-01-17,"Hagenes, Cummings and Ondricka",Precious Metals,-226.27,,,,
Credit Card 2,2022-03-27,Balistreri-O'Kon,EDP Services,-976.65,,,,
Credit Card 2,2022-06-09,"Price, Wisoky and Watsica",Apparel,776.65,,,,
Credit Card 1,2023-04-02,Lebsack Inc,Apparel,422.98,,,,
Credit Card 2,2023-05-09,Wintheiser-Koss,Natural Gas Distribution,-462.72,,,,
Bank 2,2023-05-12,"Hoppe, Schroeder and Mohr",,499.24,,,,
Credit Card 2,2022-09-04,Abernathy Inc,,-234.61,,,,
Bank 1,2023-03-07,Lind-Moore,,-304.77,,,,
Credit Card 2,2022-03-25,"Ernser, Walker and Powlowski",Diversified Commercial Services,126.81,,,,
Credit Card 1,2022-11-19,Cruickshank LLC,,248.46,,,,
Bank 1,2022-02-15,Schoen Group,Computer Software: Prepackaged Software,95.87,,,,
Bank 1,2022-08-15,Jerde Inc,Containers/Packaging,630.83,,,,
Credit Card 1,2022-06-02,Walter-Paucek,,396.14,,,,
Credit Card 2,2022-08-22,Deckow-Lemke,n/a,-752.85,,,,
Credit Card 1,2022-02-01,Herzog Inc,Major Pharmaceuticals,848.03,,,,
Bank 2,2022-03-04,Doyle LLC,,800.23,,,,
Bank 1,2023-02-01,Schinner-Stroman,Hotels/Resorts,728.88,,,,
Bank 1,2022-11-10,"Toy, Runolfsdottir and Mohr",Investment Bankers/Brokers/Service,77.22,,,,
Bank 2,2022-02-27,Kiehn LLC,,524.63,,,,
Bank 2,2022-02-10,"Will, Batz and Treutel",,-208.91,,,,
Credit Card 1,2022-03-26,Mills-Botsford,Metal Fabrications,606.2,,,,
Bank 1,2022-06-12,"Ratke, Dibbert and Lowe",,829.27,,,,
Credit Card 2,2023-02-06,Jacobson-Hoeger,,-779.58,,,,
Bank 2,2023-01-14,Dooley-Krajcik,,456.15,,,,
Bank 1,2022-07-19,"Goodwin, Connelly and Durgan",Major Banks,903.41,,,,
Credit Card 1,2023-05-14,Parisian-O'Connell,,383.61,,,,
Bank 2,2022-02-10,Pfeffer Group,,894.78,,,,
Bank 2,2022-06-10,"Gislason, Walsh and Hahn",Building operators,926.73,,,,
Bank 2,2022-11-21,"Willms, Farrell and Willms",Air Freight/Delivery Services,361.48,,,,
Bank 2,2022-12-31,Howell Group,Trucking Freight/Courier Services,362.47,,,,
Bank 2,2023-04-17,DuBuque-Green,,408.11,,,,
Bank 2,2022-10-11,Wyman-Murray,,50.07,,,,
Bank 2,2022-07-11,"Hoeger, Schuppe and Erdman",,-961.09,,,,
Credit Card 2,2022-03-14,Harris-Hettinger,,-904.72,,,,
Credit Card 2,2022-10-30,Zieme Inc,,-879.7,,,,
Credit Card 2,2023-01-31,O'Connell Inc,Investment Bankers/Brokers/Service,225.44,,,,
Bank 2,2022-04-06,Carroll Group,Marine Transportation,-165.37,,,,
Credit Card 1,2023-03-15,Reichel and Sons,n/a,-618.81,,,,
Credit Card 1,2023-04-17,Greenfelder-Dare,Coal Mining,786.04,,,,
Bank 1,2022-08-15,King LLC,Semiconductors,-212.29,,,,
Credit Card 2,2022-02-01,Jenkins LLC,,-6.08,,,,
Bank 1,2022-04-16,McLaughlin-Pollich,Specialty Insurers,-696.06,,,,
Bank 2,2022-05-15,"Denesik, Glover and Wilkinson",Auto Parts:O.E.M.,-135.63,,,,
Bank 2,2022-04-12,Kuhn-Berge,Air Freight/Delivery Services,-100.92,,,,
Credit Card 1,2022-09-06,Schoen and Sons,n/a,-191.29,,,,
Bank 1,2022-12-27,"Koepp, Glover and Davis",n/a,-746.57,,,,
Bank 2,2022-08-01,DuBuque-Wilderman,,932.84,,,,
Bank 1,2023-05-14,Murray LLC,Precious Metals,91.54,,,,
Credit Card 1,2022-10-13,Morar-Kuphal,Natural Gas Distribution,-716.29,,,,
Credit Card 1,2023-05-17,Rogahn Group,,636.67,,,,
Bank 2,2022-07-06,Mertz-Kiehn,,223.26,,,,
Credit Card 2,2022-07-24,Wintheiser Inc,,-398.73,,,,
Bank 2,2022-06-10,Padberg and Sons,,-676.05,,,,
Bank 2,2023-03-24,"O'Connell, Marquardt and O'Keefe",,-288.37,,,,
Bank 1,2022-07-28,Torphy-Kunde,,-413.72,,,,
Credit Card 1,2023-05-06,Hills-Parisian,Movies/Entertainment,570.25,,,,
Bank 1,2023-05-23,Block-Johns,n/a,-839.37,,,,
Credit Card 1,2022-01-15,Glover Group,Restaurants,346.08,,,,
Bank 2,2023-04-27,Schinner Group,Electronic Components,-226.25,,,,
Credit Card 2,2022-01-12,Bernier-Ratke,n/a,36.1,,,,
Credit Card 2,2022-12-16,Dare LLC,n/a,728.93,,,,
Credit Card 2,2022-03-25,"Price, Jacobi and Gislason",Medical/Dental Instruments,-94.95,,,,
Bank 2,2022-07-22,Hansen-Stamm,n/a,680.24,,,,
Credit Card 2,2022-11-01,Ondricka-Marks,,444.09,,,,
Credit Card 2,2022-01-01,"Cronin, Schmitt and Pollich",n/a,100.79,,,,
Credit Card 2,2022-10-22,Schinner-Osinski,,-20.39,,,,
Bank 1,2022-08-08,"Will, Corwin and Schoen",,820.39,,,,
Bank 2,2023-01-06,Schamberger and Sons,n/a,-642.74,,,,
Credit Card 1,2022-03-09,"Schaden, Hyatt and Wunsch",,316.24,,,,
Credit Card 1,2023-01-29,"Kassulke, Lindgren and Smith",Steel/Iron Ore,586.73,,,,
Credit Card 2,2023-03-31,Yost Inc,Movies/Entertainment,-390.09,,,,
Credit Card 1,2023-02-24,Emard-Sporer,,375.87,,,,
Credit Card 2,2022-07-27,"Sawayn, Romaguera and Rodriguez",Real Estate,98.02,,,,
Credit Card 2,2022-01-21,Torp LLC,Commercial Banks,-74.35,,,,
Bank 2,2023-05-23,Lubowitz-Orn,Oil & Gas Production,307.41,,,,
Bank 2,2023-02-15,Collins and Sons,Auto Manufacturing,-583.02,,,,
Credit Card 1,2022-01-21,"Stamm, Hahn and Hermann",Medical Specialities,279.43,,,,
Credit Card 1,2022-08-23,Hilll Group,,-436.04,,,,
Bank 2,2023-04-15,Koss Inc,,708.68,,,,
Bank 2,2022-02-14,Kilback LLC,,98.24,,,,
Credit Card 2,2023-01-05,Botsford-Mante,Specialty Insurers,899.71,,,,
Credit Card 1,2023-01-04,Windler-Labadie,Major Pharmaceuticals,-137.25,,,,
Bank 2,2023-02-10,Heidenreich Inc,Industrial Machinery/Components,-137.76,,,,
Credit Card 1,2022-02-23,Heidenreich-Thiel,,-779.16,,,,
Bank 1,2022-08-06,"Ratke, Trantow and Kub",,-331.38,,,,
Bank 2,2023-02-06,Barrows-Reichert,Metal Fabrications,537.95,,,,
Credit Card 1,2023-02-13,Corkery-Koss,Telecommunications Equipment,-278.2,,,,
Credit Card 2,2023-03-04,"Larson, MacGyver and Crist",,12.52,,,,
Credit Card 2,2022-04-15,Walter-Dietrich,,472.37,,,,
Bank 1,2022-03-02,"Hettinger, Adams and Cummings",,-903.93,,,,
Credit Card 2,2022-11-19,Moen LLC,,398.7,,,,
Credit Card 2,2022-03-30,Conroy-Veum,Containers/Packaging,-941.72,,,,
Credit Card 2,2022-06-01,"Hand, Shields and Feeney",,-885.09,,,,
Bank 2,2023-03-08,"Kozey, Borer and Emard",Oil & Gas Production,903.76,,,,
Credit Card 2,2023-04-26,Funk LLC,Apparel,-896.41,,,,
Credit Card 2,2022-07-30,Langworth-Kris,n/a,200.04,,,,
Bank 1,2022-03-20,Keebler-Fritsch,,756.72,,,,
Bank 1,2023-04-23,Rempel-Cummerata,Restaurants,749.56,,,,
Bank 2,2022-01-17,Towne LLC,,-82.07,,,,
Credit Card 1,2022-02-07,Mueller LLC,Diversified Commercial Services,-268.07,,,,
Bank 1,2022-11-08,Satterfield-Cartwright,,379.47,,,,
Credit Card 2,2022-04-12,Robel Inc,,-692.59,,,,
Credit Card 1,2022-06-09,Douglas-Greenfelder,,599.18,,,,
Credit Card 2,2022-10-12,Nolan Group,,224.39,,,,
Bank 1,2022-07-14,Kunze-Balistreri,Major Pharmaceuticals,-601.08,,,,
Bank 2,2022-11-18,"Bashirian, Bayer and Marks",,-145.84,,,,
Credit Card 2,2022-02-10,"Schumm, Littel and Farrell",,641.77,,,,
Bank 2,2022-11-03,"Luettgen, Wolf and Little",Ordnance And Accessories,-550.56,,,,
Credit Card 2,2022-05-31,"Ebert, Erdman and Bode",,-358.58,,,,
Credit Card 1,2022-12-06,"Shields, Gibson and Leannon",,454.34,,,,
Bank 2,2022-02-09,Von and Sons,,517.03,,,,
Bank 2,2023-05-03,Mills and Sons,n/a,-510.9,,,,
Credit Card 1,2022-10-15,"Koelpin, Mills and Ankunding",,-327.59,,,,
Credit Card 1,2023-02-20,O'Keefe-Hahn,Major Banks,-127.87,,,,
Credit Card 2,2022-10-07,Walsh and Sons,,-725.74,,,,
Credit Card 2,2022-06-18,Bogan Group,Finance: Consumer Services,561.07,,,,
Bank 2,2023-02-01,Goldner Inc,Hotels/Resorts,163.69,,,,
Credit Card 1,2023-03-11,"Swift, Daugherty and Spinka",n/a,491.53,,,,
Credit Card 2,2022-07-30,Mann-Schmitt,Homebuilding,645.97,,,,
Bank 2,2022-02-15,Schulist Inc,Major Banks,926.03,,,,
Credit Card 1,2022-09-28,Wunsch-Lakin,Consumer Electronics/Appliances,855.13,,,,
Bank 1,2023-05-18,Carroll LLC,,17.36,,,,
Bank 2,2022-07-01,"Murphy, Brekke and Hilpert",Diversified Financial Services,826.63,,,,
Credit Card 1,2022-07-05,McCullough-Emard,RETAIL: Building Materials,-325.72,,,,
Credit Card 2,2022-07-15,Heaney LLC,n/a,136.8,,,,
Bank 2,2022-01-12,"Jenkins, Daugherty and Murray",,968.87,,,,
Credit Card 2,2022-09-15,Cummerata-Bailey,n/a,-117.08,,,,
Credit Card 1,2022-06-30,D'Amore-Walker,Major Pharmaceuticals,682.04,,,,
Bank 1,2022-08-23,Streich-Hessel,,-843.99,,,,
Bank 1,2022-01-18,Ortiz-Kertzmann,n/a,421.95,,,,
Bank 2,2022-01-18,"Nicolas, Hansen and Heathcote",Major Banks,-161.63,,,,
Credit Card 2,2022-11-07,"Ankunding, Haag and Kulas",Metal Fabrications,289.26,,,,
Bank 1,2023-03-03,Glover-Cummings,,334.73,,,,
Credit Card 1,2022-06-18,"O'Hara, Maggio and Klocko",,-504.28,,,,
Credit Card 1,2023-04-12,Herman LLC,,196.68,,,,
Credit Card 2,2023-04-02,Ferry-Raynor,Aluminum,485.22,,,,
Bank 2,2023-03-11,McKenzie and Sons,,-275.34,,,,
Credit Card 2,2022-08-08,Denesik Group,n/a,796.78,,,,
Bank 2,2022-05-04,Feil-Gutmann,Major Banks,-533.03,,,,
Credit Card 2,2023-05-12,Pollich and Sons,,-819.7,,,,
Bank 1,2022-05-30,Beahan Group,,-928.17,,,,
Credit Card 1,2022-12-22,Steuber Group,,95.27,,,,
Bank 2,2023-02-08,"Auer, Walker and Trantow",EDP Services,-900.48,,,,
Bank 1,2022-04-23,Cassin LLC,,843.4,,,,
Bank 1,2022-09-12,"Von, Kuphal and Prosacco",,-743.18,,,,
Bank 1,2023-03-02,Wolf Group,,-633.64,,,,
Bank 2,2022-04-07,"Mueller, Lesch and Skiles",,88.62,,,,
Bank 2,2023-01-05,Leffler Group,,-40.6,,,,
Bank 1,2022-12-24,Strosin-Kiehn,Broadcasting,382.06,,,,
Credit Card 2,2022-08-27,"Brown, Greenholt and Raynor",,743.73,,,,
Credit Card 2,2022-12-28,Stracke-Gibson,Aluminum,213.19,,,,
Bank 1,2023-04-16,Paucek-Wilkinson,n/a,203.93,,,,
Bank 1,2022-09-29,"Konopelski, O'Reilly and Mills",n/a,356.96,,,,
Credit Card 2,2022-01-19,"Grady, Langworth and Moen",n/a,-992.93,,,,
Credit Card 1,2023-01-03,"Quitzon, Blanda and Kuhn",Radio And Television Broadcasting And Communications Equipment,820.05,,,,
Bank 2,2022-08-23,Marquardt Inc,,-747.36,,,,
Bank 2,2022-05-22,Stehr LLC,,-387.41,,,,
Credit Card 1,2022-10-23,"Cole, Schoen and Luettgen",Office Equipment/Supplies/Services,265.21,,,,
Bank 1,2023-01-16,Kiehn Inc,,-697.27,,,,
Bank 2,2023-02-07,"Jaskolski, Prosacco and Morissette",Other Specialty Stores,82.09,,,,
Bank 1,2022-10-08,Hoppe LLC,,-909.95,,,,
Credit Card 1,2022-05-04,Leannon LLC,Electrical Products,-946.08,,,,
Bank 2,2022-01-25,"Harris, Kerluke and Brakus",n/a,306.69,,,,
Bank 1,2022-10-02,Pagac-Parisian,,981.19,,,,
Bank 1,2022-06-28,Lowe Group,Oil & Gas Production,-501.69,,,,
Bank 1,2022-06-10,Rolfson-Fahey,Real Estate Investment Trusts,406.39,,,,
Bank 2,2022-09-25,Predovic-Schuppe,"Computer Software: Programming, Data Processing",-928.87,,,,
Bank 2,2022-11-27,Jakubowski and Sons,,-864.47,,,,
Bank 2,2022-08-15,D'Amore-Tillman,,-453.03,,,,
Credit Card 2,2022-12-10,"Hand, Kihn and Block",Industrial Machinery/Components,-601.73,,,,
Bank 2,2022-08-03,"Bode, Rempel and Fahey",,-350.1,,,,
Credit Card 2,2022-05-29,"Nader, MacGyver and Boyle",,-222.4,,,,
Bank 1,2022-10-31,Ledner Inc,,300.45,,,,
Credit Card 2,2023-04-11,"Ryan, Kuhic and Price",,859.09,,,,
Credit Card 1,2022-09-23,Osinski-Watsica,,774.11,,,,
Credit Card 2,2022-08-02,Howell-Wiza,,-756.76,,,,
Credit Card 1,2022-07-22,"Baumbach, Hagenes and O'Conner",Shoe Manufacturing,392.3,,,,
Bank 2,2022-07-18,Blick LLC,Biotechnology: In Vitro & In Vivo Diagnostic Substances,288.28,,,,
Bank 2,2022-09-05,"White, Moen and Reilly",n/a,-428.28,,,,
Credit Card 2,2023-01-26,Rice-Gorczany,,530.0,,,,
Bank 1,2023-02-16,Bernhard-Swaniawski,n/a,-33.96,,,,
Credit Card 1,2022-10-01,Marvin-Labadie,Major Banks,-168.5,,,,
Bank 2,2022-01-12,Greenholt-Willms,,-461.08,,,,
Bank 2,2022-12-17,Bogisich Inc,,-683.02,,,,
Bank 1,2022-07-03,Gulgowski LLC,n/a,536.63,,,,
Credit Card 1,2023-04-11,Moen Inc,Medical Specialities,-530.33,,,,
Bank 2,2022-03-11,Larson-Heller,,9.84,,,,
Credit Card 2,2022-02-15,Skiles LLC,,-737.74,,,,
Credit Card 1,2023-04-29,Rosenbaum Inc,,663.38,,,,
Bank 2,2023-03-19,Vandervort Inc,,11.14,,,,
Bank 1,2023-01-06,O'Conner Group,,-504.43,,,,
Credit Card 1,2022-08-27,"Jaskolski, Willms and Macejkovic",n/a,640.06,,,,
Bank 2,2022-04-13,Kiehn-Jacobs,Automotive Aftermarket,17.1,,,,
Credit Card 2,2023-05-12,Mayert and Sons,Military/Government/Technical,711.25,,,,
Credit Card 1,2022-03-11,Farrell and Sons,,-199.34,,,,
Bank 2,2022-10-14,"Mosciski, Schmeler and Effertz",Major Pharmaceuticals,-624.74,,,,
Bank 2,2022-08-31,"Gerhold, Ankunding and Emard",,-135.5,,,,
Bank 2,2022-02-19,Gutmann-Murphy,,-350.97,,,,
Bank 1,2022-08-18,Shields-Brekke,,-984.81,,,,
Credit Card 2,2022-06-15,Donnelly and Sons,Books,559.71,,,,
Bank 1,2023-01-10,"Wisoky, Nicolas and Purdy",EDP Services,-54.82,,,,
Bank 1,2022-03-03,"Runte, Olson and Heidenreich",Specialty Chemicals,192.28,,,,
Bank 2,2022-08-29,Homenick-Zboncak,Aerospace,598.01,,,,
Credit Card 1,2023-03-13,"Schultz, Reilly and Pouros",Business Services,963.71,,,,
Credit Card 2,2022-10-25,Oberbrunner LLC,,-751.24,,,,
Credit Card 2,2022-04-21,VonRueden-Baumbach,,-402.78,,,,
Bank 1,2022-08-15,Muller Group,,-227.22,,,,
Credit Card 2,2022-01-12,Carter Inc,,708.2,,,,
Credit Card 2,2023-05-13,Hirthe and Sons,,-40.89,,,,
Credit Card 2,2022-10-19,"Kozey, Baumbach and Stiedemann",,-100.57,,,,
Bank 1,2022-03-27,Koepp and Sons,Medical/Dental Instruments,370.57,,,,
Credit Card 2,2022-01-10,Price-Beatty,,847.94,,,,
Credit Card 2,2022-12-14,Schmidt and Sons,n/a,-511.51,,,,
Credit Card 1,2022-03-03,Grady Group,n/a,-48.63,,,,
Credit Card 1,2022-12-07,"Wilkinson, Schamberger and Murphy",,251.86,,,,
Bank 1,2022-06-04,O'Kon-Erdman,,294.67,,,,
Bank 1,2022-09-13,Hane and Sons,,-516.66,,,,
Credit Card 2,2023-02-10,Greenholt-Bahringer,Medical/Dental Instruments,738.93,,,,
Bank 2,2023-01-13,Kuphal LLC,Oil & Gas Production,-566.95,,,,
Credit Card 2,2022-07-08,Roberts-Hilpert,Water Supply,170.66,,,,
Credit Card 2,2022-06-14,"Tremblay, Dickinson and Hane",,-603.95,,,,
Credit Card 1,2023-05-13,"Lynch, Schmeler and Lind",Computer peripheral equipment,802.47,,,,
Bank 2,2022-09-27,Pfannerstill-Kreiger,,77.73,,,,
Bank 1,2022-05-19,Bednar LLC,,596.88,,,,
Credit Card 2,2023-02-11,"Dach, Kuphal and Nolan",,226.76,,,,
Bank 1,2022-11-21,"Dach, Larkin and Schroeder",,51.12,,,,
Bank 2,2022-08-09,"Conn, Dicki and Lang",Business Services,773.07,,,,
Bank 1,2022-06-13,Stracke and Sons,,125.0,,,,
Bank 1,2022-12-15,Hintz-Osinski,Other Specialty Stores,-663.42,,,,
Bank 1,2023-02-25,"Reichert, Ullrich and Mosciski",Major Banks,368.12,,,,
Credit Card 1,2022-07-03,Crona-Jerde,,362.61,,,,
Credit Card 1,2023-04-21,Yost-Bashirian,Restaurants,-178.52,,,,
Credit Card 1,2022-06-01,Effertz-Pacocha,,416.73,,,,
Bank 2,2022-06-27,Funk Group,,802.26,,,,
Credit Card 1,2023-05-07,Olson-Carter,Commercial Banks,784.97,,,,
Credit Card 1,2022-03-05,"Considine, Hane and Schmeler",,100.93,,,,
Bank 1,2023-03-26,Cassin Group,,-92.05,,,,
Credit Card 2,2022-05-28,"Hintz, Daugherty and Witting",,-109.57,,,,
Bank 2,2022-05-16,"Jast, Lemke and Cronin",Medical Specialities,-34.53,,,,
Credit Card 1,2022-10-05,Cruickshank-Mertz,,-837.17,,,,
Credit Card 2,2023-02-21,Nitzsche-Herzog,Medical/Dental Instruments,145.99,,,,
Credit Card 1,2022-09-06,Bergnaum and Sons,,68.05,,,,
Credit Card 2,2022-01-23,"Cronin, Herzog and Heller",,-917.67,,,,
Bank 1,2022-03-10,Davis LLC,n/a,-860.95,,,,
Bank 2,2023-04-18,Kozey Inc,,884.32,,,,
Credit Card 1,2022-06-12,Weber-Gleichner,Other Specialty Stores,92.13,,,,
Bank 1,2023-01-12,Gislason Group,Oil & Gas Production,883.11,,,,
Bank 2,2022-10-07,Bogisich-Connelly,Major Pharmaceuticals,680.51,,,,
Credit Card 2,2022-12-18,Toy-Flatley,Restaurants,-186.5,,,,
Bank 2,2022-11-17,Hansen and Sons,Major Banks,68.78,,,,
Bank 1,2022-09-03,Abernathy-Sipes,Other Consumer Services,326.1,,,,
Bank 1,2022-10-12,"Morar, Hahn and Miller",Major Pharmaceuticals,576.3,,,,
Credit Card 1,2022-11-23,Kozey-Kuhn,,-942.41,,,,
Credit Card 1,2022-09-09,Kreiger LLC,,901.53,,,,
Bank 2,2022-11-14,Gutmann-Deckow,Oil & Gas Production,-895.74,,,,
Bank 2,2022-09-06,Mitchell-Rice,,750.73,,,,
Credit Card 1,2023-03-04,McKenzie-Schultz,,-176.76,,,,
Bank 1,2022-08-08,Kutch-Wyman,Telecommunications Equipment,-860.85,,,,
Credit Card 2,2022-04-04,McClure Group,,965.07,,,,
Bank 1,2023-02-08,Hirthe-Rutherford,,-188.77,,,,
Credit Card 2,2022-05-03,"Murphy, Armstrong and Barrows",n/a,-406.42,,,,
Credit Card 1,2023-05-17,Hauck-Rolfson,Semiconductors,-621.38,,,,
Credit Card 1,2022-09-10,"Thiel, Armstrong and Mills",,669.01,,,,
Bank 1,2022-03-20,Breitenberg Inc,n/a,74.08,,,,
Credit Card 1,2022-06-26,"Hirthe, King and Collins",,611.38,,,,
Credit Card 1,2022-02-08,Stiedemann-Douglas,,-193.53,,,,
Credit Card 1,2023-05-06,"Cruickshank, Feeney and Mayert",Broadcasting,191.83,,,,
Credit Card 1,2022-12-21,Fritsch and Sons,Auto Parts:O.E.M.,-888.41,,,,
Bank 2,2023-01-05,Keebler-Ankunding,n/a,-776.13,,,,
Credit Card 1,2022-10-21,Corkery-Macejkovic,,-690.95,,,,
Credit Card 2,2022-11-29,Harris-Stokes,,-846.63,,,,
Credit Card 2,2022-10-19,"Johns, Hickle and Stroman",n/a,506.75,,,,
Bank 2,2022-03-12,Tromp-Lubowitz,,-358.51,,,,
Bank 2,2022-09-18,Champlin-Wiegand,,92.95,,,,
Bank 1,2023-01-20,Witting Group,,-442.01,,,,
Credit Card 1,2022-12-06,Wisozk and Sons,,-450.78,,,,
Bank 2,2022-05-17,Tremblay and Sons,,-762.32,,,,
Bank 2,2022-02-17,Lebsack Group,n/a,849.63,,,,
Credit Card 2,2022-06-06,"Stoltenberg, Sipes and Bashirian",n/a,-364.86,,,,
Credit Card 2,2022-06-19,Krajcik-Sipes,,-471.28,,,,
Bank 1,2022-08-08,Schneider LLC,Property-Casualty Insurers,-368.58,,,,
Credit Card 2,2022-06-16,Zieme LLC,Packaged Foods,-972.77,,,,
Bank 2,2022-03-23,"Anderson, Hodkiewicz and Hayes",,-461.35,,,,
Credit Card 1,2022-08-20,"Hahn, Kilback and Blick",,139.43,,,,
Bank 2,2022-12-14,Conroy Inc,Major Banks,-8.47,,,,
Bank 1,2023-04-25,Hermiston-Hodkiewicz,Multi-Sector Companies,-27.37,,,,
Bank 2,2022-12-14,"Mills, Harvey and Predovic",,-581.52,,,,
Credit Card 1,2023-05-19,"Ondricka, Collier and Nader",Banks,-629.33,,,,
Bank 2,2022-02-11,Ryan Inc,Computer Software: Prepackaged Software,673.83,,,,
Credit Card 2,2022-11-30,"Blick, Schaefer and Green",Telecommunications Equipment,-799.24,,,,
Bank 2,2022-03-29,"Purdy, Kuhn and McCullough",Major Banks,-305.13,,,,
Bank 2,2022-02-01,Shields Inc,Major Pharmaceuticals,-479.8,,,,
Credit Card 1,2022-08-13,Stehr-Yost,Restaurants,642.66,,,,
Bank 1,2022-06-29,Braun-Johnston,,-984.27,,,,
Bank 1,2022-06-05,"Kuhic, Lesch and Olson",Major Banks,-240.63,,,,
Credit Card 2,2023-02-22,"Armstrong, Lakin and Casper",Medical Specialities,-815.59,,,,
Bank 1,2022-01-06,"Willms, Jerde and Hegmann",,-678.88,,,,
Bank 2,2022-10-06,Corkery-McGlynn,,550.64,,,,
Credit Card 1,2022-09-30,"Nikolaus, Gorczany and Hartmann",Accident &Health Insurance,-75.79,,,,
Credit Card 2,2022-04-11,Gerlach-Feeney,,153.15,91,,,
Bank 1,2022-10-11,Denesik Inc,,-256.54,,,,
Bank 1,2022-07-10,Olson Group,Industrial Specialties,-844.13,,,,
Credit Card 2,2022-05-22,"Wehner, Mann and Block",n/a,-702.25,,,,
Bank 1,2023-01-15,Flatley Inc,n/a,-187.83,,,,
Bank 2,2023-03-06,Haley-Paucek,Apparel,-707.71,,,,
Credit Card 1,2022-02-07,Jerde Inc,,591.42,,,,
Credit Card 2,2022-12-10,Langosh and Sons,,472.07,,,,
Bank 2,2022-09-09,Schinner-Hahn,,-34.23,,,,
Bank 1,2022-05-23,Satterfield-Lakin,,-847.86,,,,
Credit Card 2,2022-03-20,Moore-Shanahan,,653.44,,,,
Credit Card 2,2022-10-06,"Erdman, Cartwright and McDermott",,-799.12,,,,
Credit Card 1,2023-04-19,"McGlynn, Becker and Murazik",,313.47,,,,
Credit Card 2,2022-11-30,Cole Inc,Major Pharmaceuticals,167.76,,,,
Bank 1,2022-08-01,"Witting, Sawayn and Russel",Major Pharmaceuticals,-1.12,,,,
Bank 2,2023-05-16,Windler-Kling,,509.69,,,,
Credit Card 1,2022-09-10,Gerhold Group,,439.5,,,,
Credit Card 2,2023-01-02,"Kub, Ritchie and Walter",,146.82,,,,
Credit Card 2,2022-02-19,Powlowski Group,Oil & Gas Production,-644.05,,,,
Bank 1,2022-01-21,"Frami, Flatley and Bergstrom",,147.7,,,,
Bank 1,2022-07-23,Marquardt-Gorczany,Oil & Gas Production,-153.74,,,,
Credit Card 1,2022-05-01,"Kuhlman, Torp and Stamm",Broadcasting,939.64,,,,
Credit Card 1,2023-01-19,McDermott and Sons,,979.54,,,,
Bank 2,2022-03-18,Runte and Sons,,506.39,,,,
Credit Card 1,2022-11-17,Goyette LLC,,-7.4,,,,
Credit Card 1,2022-06-26,Hickle-Stehr,,662.64,,,,
Credit Card 1,2022-12-04,"Dietrich, O'Conner and Schaefer",Farming/Seeds/Milling,-602.32,,,,
Credit Card 2,2022-11-04,"Breitenberg, Conn and Langworth",Biotechnology: Laboratory Analytical Instruments,-69.99,,,,
Bank 2,2022-10-25,Kihn-Hartmann,Major Pharmaceuticals,393.8,,,,
Credit Card 1,2022-08-12,Stark LLC,,217.45,,,,
Credit Card 2,2022-06-08,Hoeger-Crist,,-725.75,,,,
Bank 2,2022-04-22,"Morissette, Johnston and Gottlieb",Investment Managers,-547.72,,,,
Credit Card 1,2022-05-27,"Douglas, Ritchie and O'Reilly",n/a,-859.53,,,,
Credit Card 2,2022-08-08,"Douglas, Weissnat and Denesik",,613.98,,,,
Bank 2,2022-04-19,Bayer-Kunde,n/a,-340.17,,,,
Bank 2,2023-01-22,Gusikowski LLC,Pollution Control Equipment,712.39,,,,
Credit Card 2,2023-02-28,Welch and Sons,Electric Utilities: Central,-848.88,,,,
Bank 1,2022-01-25,O'Reilly Group,n/a,-389.44,,,,
Bank 1,2022-02-03,Stoltenberg-Moore,Building Materials,383.35,,,,
Credit Card 1,2022-05-01,Christiansen-Volkman,Business Services,-49.98,,,,
Bank 2,2022-08-29,Lesch-Grady,Other Consumer Services,-903.78,,,,
Credit Card 1,2023-04-29,Becker Group,,141.72,,,,
Bank 2,2023-04-13,"Herman, Brown and Rowe",n/a,49.46,21,,,
Bank 1,2022-11-23,"Bayer, Jacobson and Kuhic",,-463.54,,,,
Bank 1,2023-04-18,Roberts Inc,Major Banks,-553.63,,,,
Credit Card 2,2022-11-30,Adams Group,,576.85,,,,
Credit Card 1,2022-07-09,"Erdman, Murazik and Hills",Paper,-720.59,,,,
Bank 2,2022-02-06,"Koch, Mueller and Roberts",,-621.6,,,,
Bank 1,2023-01-01,"Crist, Wehner and Lindgren",,-668.1,,,,
Credit Card 2,2023-04-16,"Swaniawski, Legros and Witting",,469.03,,,,
Bank 1,2023-05-14,"Schroeder, Oberbrunner and Doyle",n/a,210.07,,,,
Credit Card 2,2022-05-07,Schaefer LLC,,971.06,,,,
Bank 2,2022-09-07,Hodkiewicz Inc,Investment Bankers/Brokers/Service,-226.35,,,,
Credit Card 2,2022-03-03,"Hegmann, Hoeger and Reichert",,13.54,,,,
Credit Card 1,2022-10-26,"Hilpert, Sipes and Littel",,-852.37,,,,
Credit Card 2,2023-01-09,Kohler-Abernathy,General Bldg Contractors - Nonresidential Bldgs,963.87,,,,
Bank 1,2022-03-05,Jacobs Inc,,863.96,,,,
Bank 2,2022-07-03,Kozey LLC,n/a,122.96,,,,
Credit Card 1,2022-02-25,Kuvalis-Dicki,Marine Transportation,395.01,,,,
Credit Card 1,2022-03-20,"Adams, Rath and Durgan",Industrial Machinery/Components,-420.58,,,,
Bank 2,2022-11-28,Kassulke-Wolf,Business Services,-996.61,,,,
Credit Card 2,2023-02-22,Block LLC,,-463.05,,,,
Bank 2,2022-12-17,"Boehm, Dietrich and Dickens",,-749.1,,,,
Bank 2,2022-06-25,Welch-Konopelski,Industrial Machinery/Components,-404.62,,,,
Bank 1,2022-09-24,Schowalter-Balistreri,Major Banks,-553.58,,,,
Bank 1,2023-05-26,"Reinger, Lakin and Cartwright",Major Pharmaceuticals,796.14,,,,
Credit Card 1,2023-01-05,Yost-Wolff,,850.52,,,,
Credit Card 1,2023-02-13,Wiegand Group,Natural Gas Distribution,-352.44,,,,
Bank 1,2022-11-26,Stamm Inc,,684.78,,,,
Bank 1,2022-08-16,Maggio and Sons,n/a,550.84,,,,
Bank 2,2023-03-24,Ernser and Sons,n/a,960.88,,,,
Credit Card 2,2022-12-25,"Grant, Mills and Mosciski",Major Pharmaceuticals,-182.5,,,,
Credit Card 1,2022-04-19,"Predovic, Mosciski and Kunze",Property-Casualty Insurers,-87.2,,,,
Bank 1,2022-10-24,Wunsch Group,,-670.97,,,,
Bank 1,2022-11-12,"Heller, Fadel and Mills",,-28.22,,,,
Bank 2,2022-04-09,"Walker, Stark and Bauch",Industrial Machinery/Components,-534.46,,,,
Bank 1,2023-03-18,Price-Frami,,-273.19,,,,
Credit Card 1,2022-02-12,"Baumbach, Ritchie and Turcotte",,-210.38,,,,
Bank 2,2022-12-03,Kshlerin Group,,423.68,,,,
Credit Card 2,2022-11-04,Zboncak Inc,,226.86,,,,
Credit Card 1,2022-06-19,"Gorczany, Turner and Kilback",n/a,807.02,,,,
Bank 1,2023-04-16,"Windler, Herman and Grant",Medical Specialities,-85.09,,,,
Bank 2,2022-04-12,Bartoletti-Macejkovic,n/a,-609.67,,,,
Bank 2,2022-04-23,Stanton-Koch,,-494.3,,,,
Bank 2,2023-01-26,"Douglas, Bayer and Hills",n/a,-762.48,,,,
Bank 2,2023-01-31,Buckridge-Hettinger,Medical Specialities,-747.21,,,,
Bank 1,2022-06-30,"Kuhic, Goyette and Emard",n/a,710.1,,,,
Bank 1,2022-09-16,"Bartoletti, Osinski and Lakin",Business Services,987.66,,,,
Bank 1,2022-01-01,Kilback-Ortiz,,913.16,91,,,
Credit Card 2,2022-06-30,Schuster Inc,Real Estate Investment Trusts,-84.69,,,,
Credit Card 2,2022-06-14,Purdy-Franecki,,851.32,,,,
Credit Card 2,2023-01-09,Wisozk-Mohr,Real Estate Investment Trusts,360.24,,,,
Bank 1,2023-04-25,"Franecki, MacGyver and Wiegand",,858.94,,,,
Bank 1,2022-05-03,"Bartoletti, Swift and Kohler",,-798.2,,,,
Bank 1,2022-10-27,"Hayes, Erdman and Aufderhar",,-728.18,,,,
Bank 2,2023-03-29,Lueilwitz-Bergnaum,,754.64,,,,
Bank 2,2022-08-18,Funk LLC,EDP Services,199.74,,,,
Credit Card 1,2023-03-17,Schoen LLC,Hospital/Nursing Management,-694.01,,,,
Credit Card 2,2023-03-13,Cronin Inc,Major Chemicals,941.79,,,,
Bank 1,2022-08-18,"Nader, Pfannerstill and Rau",Major Pharmaceuticals,-698.14,,,,
Bank 2,2022-11-02,Lowe and Sons,Property-Casualty Insurers,886.08,,,,
Bank 1,2023-04-20,Larkin Group,Department/Specialty Retail Stores,-871.08,,,,
Bank 2,2022-02-28,Lindgren-Schmeler,n/a,-653.63,,,,
Credit Card 1,2022-07-19,Schulist and Sons,,876.45,,,,
Credit Card 1,2023-04-06,"Mayert, Strosin and Wilderman",,571.07,,,,
Credit Card 1,2022-10-02,"Ullrich, Veum and Cummings",Business Services,342.09,,,,
Bank 2,2023-01-20,Will Group,Military/Government/Technical,-556.28,,,,
Bank 2,2022-06-16,"Goldner, Beier and Bechtelar",,-449.33,,,,
Bank 2,2023-05-01,Mayer and Sons,,-245.95,,,,
Bank 2,2022-06-18,Wintheiser-Nienow,Biotechnology: Biological Products (No Diagnostic Substances),-946.78,,,,
Credit Card 2,2022-03-09,Herzog-Kovacek,,601.33,,,,
Credit Card 1,2023-01-26,Bailey Group,Real Estate Investment Trusts,-744.6,,,,
Credit Card 2,2022-03-28,Hartmann and Sons,,-497.78,,,,
Bank 2,2022-11-19,"Denesik, Rau and Morar",,457.97,,,,
Credit Card 1,2022-09-11,"Barrows, Gerlach and Thiel",,670.73,,,,
Bank 2,2022-08-17,McGlynn-Bartell,n/a,-357.72,,,,
Credit Card 2,2022-01-20,Hettinger-McDermott,n/a,766.19,,,,
Bank 1,2022-07-10,Ortiz Group,Metal Fabrications,914.46,,,,
Credit Card 2,2022-05-01,Gutmann-Rolfson,Apparel,308.35,,,,
Bank 2,2022-11-02,"Zemlak, Harvey and Harvey",,367.6,,,,
Credit Card 1,2022-01-27,"Kovacek, Morar and Davis",Telecommunications Equipment,-778.01,,,,
Bank 1,2023-05-27,Hartmann Inc,,902.76,,,,
Credit Card 1,2023-03-25,Greenfelder-Willms,,631.18,,,,
Bank 1,2022-07-06,"Lind, Ebert and Klein",,202.37,,,,
Credit Card 1,2023-03-01,"Wintheiser, Beer and Shields",Semiconductors,768.68,,,,
Credit Card 2,2022-01-07,Sawayn-Hermann,,-908.62,,,,
Bank 1,2022-07-03,Prohaska-Ortiz,,-747.27,,,,
Bank 2,2022-06-11,Batz-Quigley,,-354.16,,,,
Credit Card 1,2022-11-29,Mosciski-Schneider,,-53.82,,,,
Credit Card 2,2023-02-26,Heller LLC,Newspapers/Magazines,738.63,,,,
Credit Card 2,2023-01-15,"Dare, Cremin and Keeling",Major Banks,213.33,,,,
Bank 2,2022-07-03,"Ferry, Howell and Pfannerstill",Biotechnology: In Vitro & In Vivo Diagnostic Substances,438.16,,,,
Bank 2,2023-03-20,Botsford-McClure,,409.58,,,,
Bank 1,2022-04-28,Huel-Goodwin,Property-Casualty Insurers,266.31,,,,
Bank 1,2022-01-06,Frami-Kozey,,-636.22,,,,
Bank 2,2023-05-19,"Lindgren, Pagac and Kshlerin",Medical/Dental Instruments,-56.76,,,,
Credit Card 1,2022-07-05,Rippin and Sons,,-346.66,,,,
Credit Card 1,2022-08-23,"Green, Nienow and Huel",Home Furnishings,-739.41,,,,
Bank 2,2023-03-31,Considine Inc,n/a,671.82,,,,
Credit Card 2,2023-01-01,Lynch Group,n/a,731.57,,,,
Bank 1,2023-02-13,Hintz Inc,,285.59,,,,
Bank 1,2022-07-23,"Senger, Sauer and Funk",,524.43,,,,
Bank 2,2022-11-28,DuBuque-Hand,Precious Metals,23.99,,,,
Credit Card 1,2022-10-01,Donnelly Group,,-373.59,,,,
Credit Card 1,2023-01-11,"Mann, Prohaska and Quigley",Property-Casualty Insurers,-868.86,,,,
Bank 1,2022-01-14,Kirlin-Baumbach,,320.43,,,,
Credit Card 1,2022-03-18,DuBuque-Monahan,Real Estate Investment Trusts,614.23,,,,
Credit Card 2,2023-03-22,Walter-Heathcote,n/a,-103.99,,,,
Bank 2,2022-06-30,Purdy LLC,Precious Metals,-115.36,,,,
Credit Card 1,2022-12-13,"Sipes, Boyer and Carroll",Radio And Television Broadcasting And Communications Equipment,-195.03,,,,
Credit Card 1,2022-09-27,Leffler LLC,Oil & Gas Production,-86.02,,,,
Credit Card 2,2022-08-24,Pfannerstill-Hodkiewicz,Package Goods/Cosmetics,838.78,,,,
Bank 2,2023-05-06,Yost-Blick,Department/Specialty Retail Stores,-204.76,,,,
Bank 1,2022-09-12,Ferry-Lang,n/a,771.77,,,,
Bank 2,2022-07-03,Gleason-Strosin,,873.81,,,,
Credit Card 2,2022-11-04,Wolf-Kreiger,,-87.82,,,,
Bank 2,2022-02-05,"Beier, Dibbert and Cruickshank",,682.58,,,,
Bank 1,2022-04-09,Rosenbaum-Homenick,Semiconductors,54.1,,,,
Credit Card 1,2022-08-10,Zieme Group,,-704.68,,,,
Bank 1,2022-06-15,Kub-Collins,,-509.02,,,,
Credit Card 2,2023-05-15,"Spinka, Wolff and Ernser",Investment Bankers/Brokers/Service,435.09,,,,
Bank 1,2022-01-31,Wisozk-Stoltenberg,,143.57,,,,
Credit Card 1,2022-06-08,Hodkiewicz-Davis,,442.56,,,,
Bank 1,2023-05-12,Jast-Smitham,,-131.94,,,,
Credit Card 2,2022-01-12,Graham-McCullough,,-203.73,,,,
Bank 1,2022-10-01,Greenholt-Christiansen,EDP Services,552.33,,,,
Bank 2,2022-03-08,Lind LLC,Major Pharmaceuticals,-450.24,,,,
Bank 1,2023-01-04,Jerde-Mohr,n/a,601.81,,,,
Bank 1,2022-11-14,"Berge, Rolfson and Fadel",,535.39,,,,
Credit Card 1,2022-09-19,Grant and Sons,Finance: Consumer Services,-148.66,,,,
Bank 2,2022-02-09,Kerluke LLC,Hotels/Resorts,-389.23,,,,
Bank 2,2023-04-28,Mayer-Flatley,EDP Services,-657.68,,,,
Credit Card 1,2022-12-14,Kuhlman Group,Major Chemicals,663.93,,,,
Credit Card 1,2023-04-08,Cruickshank Group,n/a,-666.05,,,,
Credit Card 1,2022-08-25,"Lindgren, Barrows and Kreiger",Biotechnology: Biological Products (No Diagnostic Substances),910.47,,,,
Bank 1,2022-09-26,Green-Turcotte,,648.63,,,,
Bank 1,2023-01-17,"Ward, Rath and Oberbrunner",,796.22,,,,
Credit Card 2,2023-04-17,O'Connell-Hudson,n/a,853.99,,,,
Credit Card 2,2023-02-04,"Collier, Doyle and Barton",Environmental Services,-706.46,,,,
Bank 2,2022-04-13,Stark LLC,n/a,-653.19,,,,
Credit Card 1,2022-01-27,"Carroll, O'Reilly and Thompson",,445.93,,,,
Bank 1,2022-06-15,Roberts-Bruen,Major Pharmaceuticals,699.68,,,,
Credit Card 1,2023-03-04,Rippin Group,,-707.42,,,,
Bank 2,2023-03-29,"Hammes, Cassin and Hahn",,197.37,,,,
Credit Card 2,2023-04-04,Macejkovic Group,Major Banks,524.77,,,,
Bank 1,2022-05-03,Tremblay-Streich,Electrical Products,-770.19,,,,
Credit Card 1,2023-01-15,Lind-Daugherty,,-674.87,,,,
Credit Card 2,2022-01-19,"Herman, O'Conner and Osinski",,782.28,,,,
Credit Card 1,2022-10-02,"Legros, Miller and Metz",,-221.91,,,,
Bank 2,2022-02-23,"Littel, Grady and Flatley",,29.23,,,,
Credit Card 1,2022-01-26,"Gislason, Schumm and Koss",Major Chemicals,97.53,,,,
Credit Card 2,2023-01-07,Stanton and Sons,Telecommunications Equipment,192.89,,,,
Bank 2,2022-07-14,Wilderman Inc,Computer Software: Prepackaged Software,233.51,,,,
Credit Card 2,2023-04-07,Kris LLC,,-854.81,,,,
Bank 1,2023-04-07,"Dietrich, Bergnaum and Daugherty",Medical Specialities,987.85,,,,
Credit Card 1,2022-02-26,Buckridge Group,Computer Software: Prepackaged Software,74.09,,,,
Bank 2,2023-02-09,"Skiles, Senger and Hane",n/a,80.38,,,,
Credit Card 1,2022-02-17,Towne-Beahan,Services-Misc. Amusement & Recreation,-353.11,,,,
Credit Card 2,2022-12-19,Ratke-Schimmel,Major Pharmaceuticals,-149.85,,,,
Credit Card 1,2022-09-24,"Considine, Bosco and Halvorson",Oil & Gas Production,975.95,,,,
Bank 2,2022-08-02,"Kunze, Turcotte and Bins",Major Pharmaceuticals,422.01,,,,
Credit Card 2,2022-12-22,"Johnson, Heller and Howell",n/a,-459.95,,,,
Credit Card 1,2022-10-24,Hane LLC,n/a,718.92,,,,
Credit Card 2,2022-11-06,Durgan Group,n/a,-293.28,,,,
Credit Card 1,2022-01-30,"Kuvalis, Towne and McCullough",Movies/Entertainment,95.08,,,,
Bank 1,2022-08-20,"Terry, Rowe and Wuckert",Accident &Health Insurance,-101.52,,,,
Credit Card 2,2022-11-10,Lesch and Sons,Property-Casualty Insurers,685.93,,,,
Bank 1,2022-03-10,Little-Hodkiewicz,,-373.78,,,,
Credit Card 2,2023-03-07,Heaney and Sons,Restaurants,590.55,,,,
Bank 2,2023-04-10,Buckridge-Gorczany,Property-Casualty Insurers,45.79,,,,
Credit Card 2,2022-05-02,Runte Group,Business Services,-103.57,,,,
Bank 1,2022-12-18,Oberbrunner-Spencer,,821.82,,,,
Credit Card 2,2023-01-08,Farrell-Trantow,,-11.83,,,,
Bank 1,2022-08-30,"Reichel, Hodkiewicz and D'Amore",,-970.71,,,,
Credit Card 2,2022-02-10,Block-Johnson,Electric Utilities: Central,739.86,,,,
Credit Card 1,2022-07-07,Willms Inc,,-266.8,,,,
Bank 1,2023-01-31,"Nikolaus, Willms and Nicolas",,-356.97,,,,
Credit Card 1,2022-05-19,Collier Group,Industrial Machinery/Components,460.28,,,,
Bank 1,2022-08-26,Raynor-O'Connell,Integrated oil Companies,-956.93,,,,
Bank 1,2022-02-21,Schuster-Prosacco,Marine Transportation,-683.42,,,,
Credit Card 2,2022-12-13,Osinski-Bednar,,146.49,,,,
Credit Card 1,2022-01-28,"Bradtke, Effertz and Larson",Catalog/Specialty Distribution,-152.41,,,,
Credit Card 2,2022-07-05,Bahringer-Schimmel,,393.89,,,,
Bank 1,2023-03-01,Nikolaus Inc,n/a,-640.43,,,,
Bank 1,2023-02-27,Bins Inc,Power Generation,-878.01,,,,
Credit Card 1,2022-04-23,Kub-Lockman,Commercial Banks,-925.96,,,,
Bank 1,2022-03-12,"Kuphal, Mante and Stehr",,-332.32,,,,
Bank 1,2022-01-06,Orn-Gutmann,Building operators,2.71,,,,
Bank 1,2022-12-18,Welch-Heidenreich,,-913.22,,,,
Bank 1,2023-02-28,Hamill Inc,,612.9,,,,
Bank 1,2023-05-03,Abshire-West,Industrial Machinery/Components,551.79,,,,
Bank 2,2022-07-13,Ratke Group,n/a,733.32,,,,
Bank 2,2022-01-04,"Connelly, Christiansen and Lang",Biotechnology: In Vitro & In Vivo Diagnostic Substances,-325.76,,,,
Bank 2,2022-12-05,Conn-Tromp,Major Chemicals,-478.39,,,,
Credit Card 2,2022-04-16,Smith and Sons,n/a,511.88,,,,
Bank 1,2022-05-10,Block Inc,,-545.49,,,,
Credit Card 1,2023-04-05,"West, Schuster and Mante",,591.34,,,,
Bank 2,2023-03-14,"Leffler, Walker and Little",,-628.81,,,,
Bank 2,2022-09-08,Beer and Sons,Major Banks,-536.23,,,,
Bank 1,2022-01-28,"Wiegand, Steuber and Jerde",,-169.93,,,,
Bank 2,2023-02-04,"Rosenbaum, D'Amore and Grant",,-676.31,,,,
Bank 2,2022-04-03,"Dach, Mraz and Emard",n/a,-576.55,,,,
Bank 2,2022-05-02,Jerde-Schroeder,,31.57,,,,
Credit Card 1,2022-08-03,Douglas and Sons,n/a,435.13,,,,
Credit Card 2,2022-10-13,"Weimann, Wisoky and Hyatt",Computer Software: Prepackaged Software,-196.76,,,,
Bank 1,2023-02-05,Grady and Sons,,537.64,,,,
Credit Card 2,2022-02-14,Beier-Armstrong,,-996.63,,,,
Credit Card 2,2022-04-14,"Hoppe, Sanford and Friesen",,-942.01,,,,
